{
    "FIX": {
        "F1": 0.939486684656775,
        "FPR": 0.2408816384371415,
        "accuracy": 0.9096637468342236,
        "episode": {
            "F1": 0.9505997613515041,
            "FPR": 0.0664329017131028,
            "accuracy": 0.9542514830754915,
            "confusion": {
                "FIX": 0.9796008180382614,
                "NOISE": 0.0032876854176913718,
                "SACCADE": 0.00041419658805560587,
                "SP": 0.016179554220922106
            },
            "confusion-accuracy": 0.9796008180382614,
            "kappa": 0.9080697293485746,
            "precision": 0.9232664812374958,
            "recall": 0.9796008180382614,
            "sensitivity": 0.9796008180382614,
            "specificity": 0.9335670982868972
        },
        "episode_as_Hooge_et_al": {
            "F1": 0.8991326427698477,
            "IoU": 0.9067161890396138,
            "IoU>=0.5": {
                "F1": 0.8675945371919458,
                "IoU": 0.906237317688603
            }
        },
        "kappa": 0.761920357492515,
        "precision": 0.9138187813311146,
        "recall": 0.9666382126175086,
        "sensitivity": 0.9666382126175086,
        "specificity": 0.7591183615628585
    },
    "SACCADE": {
        "F1": 0.892990176487603,
        "FPR": 0.012054557940438524,
        "accuracy": 0.9775528617507508,
        "episode": {
            "F1": 0.9761555915721232,
            "FPR": 0.005668085470451094,
            "accuracy": 0.9786088170291962,
            "confusion": {
                "FIX": 0.025779636382181198,
                "NOISE": 0.007879236045592472,
                "SACCADE": 0.9598643445444578,
                "SP": 0.005431318050845297
            },
            "confusion-accuracy": 0.9598643445444578,
            "kappa": 0.9567700559163204,
            "precision": 0.9930093911575393,
            "recall": 0.9598643445444578,
            "sensitivity": 0.9598643445444578,
            "specificity": 0.9943319145295489
        },
        "episode_as_Hooge_et_al": {
            "F1": 0.9476345518228011,
            "IoU": 0.8571540623963211,
            "IoU>=0.5": {
                "F1": 0.9237580780425239,
                "IoU": 0.84887343694804
            }
        },
        "kappa": 0.88045175234029,
        "precision": 0.8967403475395732,
        "recall": 0.8892712412623932,
        "sensitivity": 0.8892712412623932,
        "specificity": 0.9879454420595615
    },
    "SP": {
        "F1": 0.7027277027137229,
        "FPR": 0.021070526846455932,
        "accuracy": 0.9409058150241683,
        "episode": {
            "F1": 0.7079417293233082,
            "FPR": 0.01067138764922116,
            "accuracy": 0.9710829359078749,
            "confusion": {
                "FIX": 0.3355646728568344,
                "NOISE": 0.004750593824228029,
                "SACCADE": 0.0010796804145972792,
                "SP": 0.6506154178363205
            },
            "confusion-accuracy": 0.6506154178363205,
            "kappa": 0.6928543340257749,
            "precision": 0.7763463024993559,
            "recall": 0.6506154178363205,
            "sensitivity": 0.6506154178363205,
            "specificity": 0.9893286123507788
        },
        "episode_as_Hooge_et_al": {
            "F1": 0.5995814440181374,
            "IoU": 0.5396463980910853,
            "IoU>=0.5": {
                "F1": 0.48378095570282525,
                "IoU": 0.5304642209805913
            }
        },
        "kappa": 0.6703491034448047,
        "precision": 0.7883788467721488,
        "recall": 0.6338634390952824,
        "sensitivity": 0.6338634390952824,
        "specificity": 0.9789294731535441
    }
}
