{
    "FIX": {
        "F1": 0.9373992192274342,
        "FPR": 0.21477748161144478,
        "accuracy": 0.9075755386220096,
        "episode": {
            "F1": 0.9488999109754547,
            "FPR": 0.05692739908324708,
            "accuracy": 0.9532627660811911,
            "confusion": {
                "FIX": 0.965751119625152,
                "NOISE": 0.004323176887830386,
                "SACCADE": 0.0004659711615625566,
                "SP": 0.028916099303631985
            },
            "confusion-accuracy": 0.965751119625152,
            "kappa": 0.9058632976528198,
            "precision": 0.9326266843328916,
            "recall": 0.965751119625152,
            "sensitivity": 0.965751119625152,
            "specificity": 0.9430726009167529
        },
        "episode_as_Hooge_et_al": {
            "F1": 0.915296753610482,
            "IoU": 0.8996520815792404,
            "IoU>=0.5": {
                "F1": 0.8822727162027227,
                "IoU": 0.8987921996107613
            }
        },
        "kappa": 0.7610794363558466,
        "precision": 0.9214777986657983,
        "recall": 0.953880498101219,
        "sensitivity": 0.953880498101219,
        "specificity": 0.7852225183885553
    },
    "SACCADE": {
        "F1": 0.8957622061193581,
        "FPR": 0.01183634895732086,
        "accuracy": 0.9781163097467934,
        "episode": {
            "F1": 0.9787173519524179,
            "FPR": 0.005903364489979253,
            "accuracy": 0.9808537862044899,
            "confusion": {
                "FIX": 0.022031261952724583,
                "NOISE": 0.007445750567355994,
                "SACCADE": 0.9650661702832956,
                "SP": 0.0045133488028151056
            },
            "confusion-accuracy": 0.9650661702832956,
            "kappa": 0.9613241015219623,
            "precision": 0.9927602759489023,
            "recall": 0.9650661702832956,
            "sensitivity": 0.9650661702832956,
            "specificity": 0.9940966355100207
        },
        "episode_as_Hooge_et_al": {
            "F1": 0.9497737165969936,
            "IoU": 0.8641051425483008,
            "IoU>=0.5": {
                "F1": 0.9291307511129198,
                "IoU": 0.8569642244457829
            }
        },
        "kappa": 0.8835372438095461,
        "precision": 0.8987771889513133,
        "recall": 0.8927673834124547,
        "sensitivity": 0.8927673834124547,
        "specificity": 0.9881636510426791
    },
    "SP": {
        "F1": 0.7073891985822924,
        "FPR": 0.03258933137683523,
        "accuracy": 0.9369822901787286,
        "episode": {
            "F1": 0.7150236762806715,
            "FPR": 0.016461967813717896,
            "accuracy": 0.9691985576363847,
            "confusion": {
                "FIX": 0.27121572014683654,
                "NOISE": 0.003886849492550205,
                "SACCADE": 0.0017274886633556468,
                "SP": 0.7173396674584323
            },
            "confusion-accuracy": 0.7173396674584323,
            "kappa": 0.6987432988949946,
            "precision": 0.7127225917185154,
            "recall": 0.7173396674584323,
            "sensitivity": 0.7173396674584323,
            "specificity": 0.9835380321862821
        },
        "episode_as_Hooge_et_al": {
            "F1": 0.6310884473360295,
            "IoU": 0.6176453536926441,
            "IoU>=0.5": {
                "F1": 0.5436961491120098,
                "IoU": 0.6052815008947686
            }
        },
        "kappa": 0.6720994771383961,
        "precision": 0.724275821066423,
        "recall": 0.6912720646803288,
        "sensitivity": 0.6912720646803288,
        "specificity": 0.9674106686231648
    }
}
